longitude_origin,latitude_origin,city_lms_origin,city_heb_lms_origin
35.04228122,31.23050552,Abu Juway'ad,אבו ג'ווייעד (שבט)
35.11013794,31.80615252,Abu Ghosh,אבו גוש
35.16829098,32.96061099,Abu Sinan,אבו סנאן
34.85848895,31.26170919,Abu Surayhan,אבו סריחאן (שבט)
34.84258516,31.30225111,Abu 'Abdun,אבו עבדון (שבט)
34.94791568,31.1942751,Abu 'Ammar,אבו עמאר (שבט)
34.84286045,31.23009932,Abu 'Amra,אבו עמרה (שבט)
34.96232119,31.14063846,Abu Qureinat,אבו קורינאת (יישוב)
34.9690556,31.13118068,Abu Kuraynat,אבו קורינאת (שבט)
35.05276273,31.2395375,Abu Rubay'a,אבו רובייעה (שבט)
34.91646748,31.18518935,Abu Rukayyek,אבו רוקייק (שבט)
34.93052806,31.18422793,Abu Tulul,אבו תלול
35.11298513,32.76149012,Ibtin,אבטין
35.35066219,32.83645941,Avtalyon,אבטליון
34.99325414,32.53203902,Avi'el,אביאל
35.47179232,33.08863658,Avivim,אביבים
34.7432155,31.71029853,Avigedor,אביגדור
34.87118989,32.35088533,Avihayil,אביחיל
35.30740522,32.55769341,Avital,אביטל
35.01682293,31.68177481,Avi'ezer,אביעזר
35.28687153,33.03858334,Abbirim,אבירים
34.88591651,32.27120771,Even Yehuda,אבן יהודה
35.29408008,33.07428408,Even Menahem,אבן מנחם
35.13467086,31.76287994,Even Sappir,אבן ספיר
34.76294445,31.5761731,Even Shemu'el,אבן שמואל
35.76520282,32.82320645,Avne Etan,אבני איתן
35.07312743,32.28506776,Avne Hefez,אבני חפץ
35.4366684,31.67908628,Avenat,אבנת
34.3308863,31.19562387,Avshalom,אבשלום
35.01739915,31.55199747,Adora,אדורה
35.27194213,32.54897063,Addirim,אדירים
35.21001149,33.07927523,Adamit,אדמית
34.99493413,31.66054712,Adderet,אדרת
34.84751629,32.26551407,Udim,אודים
35.74953478,33.1934931,Odem,אודם
34.43137227,31.23721242,Ohad,אוהד
35.15186538,32.52012217,Umm al-Fahm,אום אל-פחם
35.05637309,32.46918785,Umm Al-Qutuf,אום אל-קוטוף
34.88120895,31.28034766,Umm Batin,אום בטין
35.2424571,32.56332052,Omen,אומן
34.99448049,32.37062883,Omez,אומץ
34.62049552,31.30882871,Ofaqim,אופקים
35.44703508,33.00519369,Or HaGanuz,אור הגנוז
34.59957518,31.55710651,Or HaNer,אור הנר
34.85372839,32.02935449,Or Yehuda,אור יהודה
34.92009704,32.5074579,Or Aqiva,אור עקיבא
35.15293699,31.75396037,Ora,אורה
34.73450949,31.74219175,Orot,אורות
35.75873117,33.0870601,Ortal,אורטל
34.52262842,31.30419768,Urim,אורים
35.10887583,32.71216377,Oranim,אורנים
34.99344145,32.13111619,Oranit,אורנית
35.11465792,32.79602641,Usha,אושה
34.8072808,32.02362636,Azor,אזור
34.76911718,31.74357726,Ahawa,אחווה
34.77021345,31.55338091,Ahuzzam,אחוזם
35.33819693,32.64296757,Ahuzzat Baraq,אחוזת ברק
35.1731227,32.90777401,Ahihud,אחיהוד
34.99050844,32.38784567,Ahituv,אחיטוב
34.90791357,31.93534397,Ahisamakh,אחיסמך
34.87125955,31.98232761,Ahi'ezer,אחיעזר
34.93721573,31.26821041,Atrash,אטרש (שבט)
34.60972852,31.53379614,Ibbim,איבים
34.97957213,32.21180197,Eyal,אייל
35.57627269,33.02344987,Ayyelet HaShahar,איילת השחר
35.21686368,33.0633154,Elon,אילון
34.96293338,29.58137788,Elot,אילות
35.407404,32.75432604,Ilaniyya,אילנייה
34.94360171,29.553465,Elat,אילת
34.77681041,31.92910841,Irus,אירוס
35.30792558,32.17381436,Itamar,איתמר
34.74821505,31.57233355,Etan,איתן
35.09527957,31.77899525,Etanim,איתנים
35.32450018,32.68166501,Iksal,אכסאל
34.79865477,31.72203061,Al-Azy,אל -עזי
35.12538321,32.49801571,Al-Aryan,אל -עריאן
35.77121966,33.18041289,El-Rom,אל -רום
34.91385289,31.28538614,Al Sayyid,אל סייד
34.74371657,31.65159032,Alumma,אלומה
35.54637143,32.70686511,Alummot,אלומות
35.22034276,32.75701403,Allon HaGalil,אלון הגליל
35.33186568,32.2341217,Elon More,אלון מורה
35.12610616,31.65492322,Allon Shevut,אלון שבות
35.17083838,32.72950851,Allone Abba,אלוני אבא
35.83864264,33.04358106,Allone HaBashan,אלוני הבשן
35.00405277,32.51059541,Allone Yizhaq,אלוני יצחק
35.14534842,32.71958029,Allonim,אלונים
35.73551822,32.80575315,Eli-Ad,אלי-עד
34.93026425,31.52875234,Eliav,אליאב
34.92519368,32.40773672,Elyakhin,אליכין
35.01144734,29.79481134,Elifaz,אליפז
35.54740329,32.94797315,Elifelet,אליפלט
35.06729443,32.63214312,Elyaqim,אליקים
34.90954975,32.3805584,Elyashiv,אלישיב
34.9285182,32.15272436,Elishama,אלישמע
35.60242408,32.91210395,Almagor,אלמגור
35.46133276,31.78897394,Almog,אלמוג
34.95667152,32.05106035,El'ad,אלעד
35.14191717,31.66097441,El'azar,אלעזר
35.01348817,32.17380257,Alfe Menashe,אלפי מנשה
35.323797,33.03332386,Elqosh,אלקוש
35.03682227,32.11143183,Elqana,אלקנה
34.67624811,31.74367704,Emunim,אמונים
35.45155418,32.93719902,Amirim,אמירים
35.57149762,32.9040835,Amnun,אמנון
34.91372219,31.53241349,Amazya,אמציה
35.74016598,32.95730386,Ani'am,אניעם
34.8740176,31.32488338,Asad,אסד (שבט)
35.18748116,31.58604366,Asfar,אספר
35.1852192,32.8267148,I'billin,אעבלין
34.90611802,31.14006956,A'sam,אעצם (שבט)
34.98961779,31.31160035,Afaynish,אפיניש (שבט)
35.70194761,32.77847982,Afiq,אפיק
35.57804674,32.68116637,Afiqim,אפיקים
35.12796634,32.83859521,Afeq,אפק
35.15731003,31.66386699,Efrat,אפרת
35.48441733,32.81269768,Arbel,ארבל
35.52315609,32.17264374,Argaman,ארגמן
34.56648284,31.56028249,Erez,ארז
35.18971637,32.10495888,Ari'el,אריאל
34.81642765,32.21366088,Arsuf,ארסוף
34.66729879,31.44629938,Eshbol,אשבול
35.30531447,32.87671943,Eshbal,אשבל
34.64945126,31.79532791,Ashdod,אשדוד
35.58029613,32.65816612,Ashdot Ya'aqov(Ihud),אשדות יעקב (איחוד)
35.58244544,32.66230752,Ashdot Ya'aqov(Me'uhad),אשדות יעקב (מאוחד)
35.30019517,32.88583046,Eshhar,אשחר
34.90511715,31.39097851,Eshkolot,אשכולות
34.69740175,31.32584044,Eshel HaNasi,אשל הנשיא
34.70067939,30.96499678,Ashalim,אשלים
34.57406808,31.66944292,Ashqelon,אשקלון
35.15555705,32.97160706,Asherat,אשרת
35.00912658,31.78114682,Eshta'ol,אשתאול
35.04178296,32.41957378,Baqa Al-Gharbiyye,באקה אל-גרביה
34.98711722,29.71033497,Be'er Ora,באר אורה
34.60866768,31.70045191,Be'er Gannim,באר גנים
34.72304789,31.73421283,Be'er Toviyya,באר טוביה
34.83946292,31.94274091,Be'er Ya'aqov,באר יעקב
34.40736058,30.93294522,Be'er Milka,באר מילכה
34.78639742,31.25292679,Be'er Sheva,באר שבע
34.91043243,32.04086136,Be'erot Yizhaq,בארות יצחק
34.98333656,32.32164426,Be'erotayim,בארותיים
34.49105396,31.42388458,Be'eri,בארי
35.08241901,32.95018733,Bustan HaGalil,בוסתן הגליל
35.36887409,32.80812369,Bu'eine-Nujeidat,בועיינה-נוג'ידאת
35.77875592,33.20156647,Buq'ata,בוקעאתא
34.96272428,32.32530367,Burgeta,בורגתה
35.01864114,32.35082809,Bahan,בחן
34.63252655,31.33431607,Bitha,בטחה
34.72927357,31.79619197,Bizzaron,ביצרון
35.22237541,32.78262207,Bir El-Maksur,ביר אל-מכסור
34.70171838,31.02633253,Bir Hadage,ביר הדאג'
35.50023521,32.97793891,Biriyya,בירייה
35.00601448,32.73106913,Bet Oren,בית אורן
35.223057,31.94191148,Bet El,בית אל
34.80319207,31.84415308,Bet El'azari,בית אלעזרי
35.43145427,32.51713311,Bet Alfa,בית אלפא
35.04977467,32.0331721,Bet Arye,בית אריה
34.92625095,32.20114506,Bet Berl,בית ברל
35.37825431,32.96428245,Beit Jann,בית ג'ן
34.89597761,31.61308894,Bet Guvrin,בית גוברין
34.76140218,31.85654969,Bet Gamli'el,בית גמליאל
34.83002728,32.00051927,Bet Dagan,בית דגן
34.60652252,31.42537729,Bet HaGaddi,בית הגדי
34.93141524,32.35373537,Bet HaLewi,בית הלוי
35.60579755,33.20846555,Bet Hillel,בית הלל
35.14539826,32.9665533,Bet HaEmeq,בית העמק
35.47659267,31.80797098,Bet HaArava,בית הערבה
35.43888674,32.55138529,Bet HaShitta,בית השיטה
35.11507268,32.70152816,Bet Zeid,בית זיד
35.16178991,31.78210119,Bet Zayit,בית זית
35.57338732,32.68893483,Bet Zera,בית זרע
35.12676321,31.87813008,Bet Horon,בית חורון
34.86811024,32.37928236,Bet Herut,בית חירות
34.81175764,31.79232472,Bet Hilqiyya,בית חלקיה
34.77340561,31.93360595,Bet Hanan,בית חנן
34.92588564,32.52830089,Bet Hananya,בית חנניה
34.91905624,31.8885651,Bet Hashmonay,בית חשמונאי
34.86557813,32.26033357,Bet Yehoshua,בית יהושע
35.55166715,32.55933018,Bet Yosef,בית יוסף
34.86353307,32.38134409,Bet Yannay,בית ינאי
34.8907947,32.33407276,Bet Yizhaq-Sh. Hefer,בית יצחק-שער חפר
35.19078669,32.73501269,Bet Lehem HaGelilit,בית לחם הגלילית
35.03676426,31.79408253,Bet Me'ir,בית מאיר
34.9549673,31.97665803,Bet Nehemya,בית נחמיה
34.87330256,31.64766346,Bet Nir,בית ניר
35.12598007,31.80453997,Bet Neqofa,בית נקופה
34.77356604,31.92188296,Bet Oved,בית עובד
34.90526786,31.87058711,Bet Uzzi'el,בית עוזיאל
34.65538999,31.73736625,Bet Ezra,בית עזרא
34.93449161,31.99591484,Bet Arif,בית עריף
34.96977245,32.7197352,Bet Zevi,בית צבי
34.76144096,31.44837315,Bet Qama,בית קמה
35.39377724,32.71900057,Bet Qeshet,בית קשת
34.72948237,31.81729546,Bet Rabban,בית רבן
35.32847717,32.78184065,Bet Rimmon,בית רימון
35.49737074,32.49589635,Bet She'an,בית שאן
34.9887551,31.73358681,Bet Shemesh,בית שמש
35.17820893,32.69668806,Bet She'arim,בית שערים
34.60769621,31.63795011,Bet Shiqma,בית שקמה
34.8701804,32.36540089,Bitan Aharon,ביתן אהרן
35.11246582,31.69486638,Betar Illit,ביתר עילית
35.29640567,32.63020069,Balfurya,בלפוריה
34.72885826,31.85661251,Ben Zakkay,בן זכאי
35.123649,33.0055834,Ben Ammi,בן עמי
34.92740529,31.95946644,Ben Shemen(K.No'ar),בן שמן (כפר נוער)
34.92287744,31.95269288,Ben Shemen (Moshav),בן שמן (מושב)
34.83476049,32.08674494,Bene Beraq,בני ברק
34.9197694,31.51745599,Bne Dkalim,בני דקלים
34.6922864,31.82075848,Bene Darom,בני דרום
34.89942661,32.26213321,Bene Deror,בני דרור
35.68946008,32.79827569,Bene Yehuda,בני יהודה
34.31482002,31.14104034,Bne Netsarim,בני נצרים
34.91408531,32.02400608,Bene Atarot,בני עטרות
34.76055982,31.78972156,Bene Ayish,"בני עי""ש"
34.86859522,32.21913072,Bene Ziyyon,בני ציון
34.7914736,31.77106748,Bene Re'em,בני ראם
34.75301183,31.84371434,Benaya,בניה
34.96283885,32.52152415,Binyamina-Giv'at Ada,בנימינה-גבעת עדה*
35.10459829,32.53037329,Basma,"בסמ""ה"
35.15483068,32.73978264,Basmat Tab'un,בסמת טבעון
35.27319128,32.92912889,Bi'ne,בענה
34.87816318,32.21329425,Bazra,בצרה
35.13494059,33.0712312,Bezet,בצת
34.92568382,31.82878869,Beqoa,בקוע
35.45315831,32.24286884,Beqa'ot,בקעות
35.07243981,31.72982304,Bar Giyyora,בר גיורא
35.44883386,32.99779653,Bar Yohay,בר יוחאי
35.09004925,32.08128092,Brukhin,ברוכין
34.64696465,31.55795326,Beror Hayil,ברור חיל
34.6326224,31.37057217,Berosh,ברוש
35.26520915,32.19268937,Berakha,ברכה
34.62542175,31.66932559,Berekhya,ברכיה
35.43368998,33.05859719,Bar'am,ברעם
35.26491127,32.54284241,Baraq,ברק
35.02913045,32.47510434,Barqay,ברקאי
35.10590937,32.10726603,Barqan,ברקן
34.94438148,32.01622614,Bareqet,ברקת
34.59677811,31.64727774,Bat Hadar,בת הדר
34.87221825,32.36017611,Bat Hen,בת חן
35.01368492,32.33332653,Bat Hefer,בת חפר
34.74992836,32.01964621,Bat Yam,בת ים
35.10090383,31.65824213,Bat Ayin,בת עין
35.00353343,32.60040685,Bat Shelomo,בת שלמה
35.14681287,32.92949511,Judeide-Maker,ג'דיידה-מכר
35.18348322,32.94213014,Julis,ג'ולס
34.95300608,32.15223432,Jaljulye,ג'לג'וליה
35.0318181,31.2124535,Janabib,ג'נאביב (שבט)
34.91191479,32.53665525,Jisr Az-Zarqa,ג'סר א-זרקא
35.4460129,33.02277809,Jish(Gush Halav),ג'ש (גוש חלב)
35.03597294,32.39954727,Jatt,ג'ת
34.9017529,32.39235285,Ge'ule Teman,גאולי תימן
34.94506637,32.29794519,Ge'ulim,גאולים
34.76549348,31.88506133,Ge'alya,גאליה
34.46548005,31.21089753,Gevulot,גבולות
34.59810483,31.50758772,Gevim,גבים
35.37205218,32.56628048,Geva,גבע
35.27438688,31.84990736,Geva Binyamin,גבע בנימין
34.95467778,32.66271804,Geva  Karmel,גבע כרמל
34.59156332,31.39680748,Giv'olim,גבעולים
35.15827301,31.8480243,Giv'on HaHadasha,גבעון החדשה
34.75651214,31.35654428,Geva'ot Bar,גבעות בר
35.43893885,32.77555111,Giv'at Avni,גבעת אבני
35.2452974,32.72157138,Giv'at Ela,גבעת אלה
34.80140523,31.86633226,Giv'at Brenner,גבעת ברנר
34.92137374,32.09778964,Giv'at HaShelosha,גבעת השלושה
35.16714457,31.8561437,Giv'at Ze'ev,גבעת זאב
34.87429629,32.16792479,Giv'at Hen,"גבעת ח""ן"
34.932128,32.3994558,Giv'at Hayyim (Ihud),גבעת חיים (איחוד)
34.93077046,32.39142728,Giv'at Hayyim(Me'uhad),גבעת חיים (מאוחד)
35.68177782,32.79911671,Giv'at Yo'av,גבעת יואב
35.09199717,31.7869286,Giv'at Ye'arim,גבעת יערים
34.94545338,31.67118834,Giv'at Yesha'yahu,גבעת ישעיהו
34.9357636,32.03144866,Giv'at Koah,"גבעת כ""ח"
35.04144557,32.54780088,Giv'at Nili,"גבעת ניל""י"
35.19858671,32.55494,Giv'at Oz,גבעת עוז
34.85036964,32.07686982,Giv'at Shemu'el,גבעת שמואל
34.95170999,31.77491328,Giv'at Shemesh,גבעת שמש
34.87669019,32.35748255,Giv'at Shappira,גבעת שפירא
34.6805292,31.7330531,Giv'ati,גבעתי
34.80993378,32.07142979,Giv'atayim,גבעתיים
34.61220676,31.59152614,Gevar'am,גברעם
35.21254535,32.67477893,Gevat,גבת
35.61938595,33.01907622,Gadot,גדות
35.24479775,32.5589013,Gadish,גדיש
35.35860536,32.54898446,Gid'ona,גדעונה
34.77998764,31.81278444,Gedera,גדרה
35.64688319,33.12438426,Gonen,גונן
35.23634999,33.05663967,Goren,גורן
35.24920041,33.05997187,Gornot HaGalil,גורנות הגליל
35.44700129,32.63901736,Gazit,גזית
34.91983247,31.87675295,Gezer,גזר
34.60333459,31.62773885,Ge'a,גיאה
34.80003869,31.88887339,Gibbeton,גיבתון
34.93895593,31.8049185,Gizo,גיזו
35.23682938,32.90308503,Gilon,גילון
34.65200185,31.32799798,Gilat,גילת
35.52330263,32.84759016,Ginnosar,גינוסר
35.2577436,32.66385714,Ginnegar,גיניגר
34.91396058,31.96286326,Ginnaton,גינתון
35.24893967,32.96710039,Gitta,גיתה
35.39662571,32.10201849,Gittit,גיתית
34.84784237,31.63388667,Gal'on,גלאון
35.44741942,31.99939653,Gilgal,גלגל
34.83076582,32.15725286,Gelil Yam,גליל ים
35.07656559,32.55712936,Gal'ed (Even Yizhaq),גלעד (אבן יצחק)
34.94103535,31.92784174,Gimzo,גמזו
34.70092951,31.80456017,Gan HaDarom,גן הדרום
34.99841526,32.46270394,Gan HaShomeron,גן השומרון
34.90558919,32.19514617,Gan Hayyim,גן חיים
34.99399602,32.35042866,Gan Yoshiyya,גן יאשיה
34.70840722,31.78853704,Gan Yavne,גן יבנה
35.33792582,32.53196535,Gan Ner,גן נר
34.76108435,31.94492632,Gan Soreq,גן שורק
34.79892227,31.87831856,Gan Shelomo,גן שלמה
34.95068691,32.45233691,Gan Shemu'el,גן שמואל
34.82858052,32.01791976,Gannot,גנות
34.9006111,32.32066058,Gannot Hadar,גנות הדר
34.85377287,31.87848171,Ganne Hadar,גני הדר
34.7922405,31.78856551,Ganne Tal,גני טל
34.83852867,31.85814775,Ganne Yohanan,גני יוחנן
35.01727385,31.92914935,Ganne Modi'in,גני מודיעין
34.90138632,32.1513096,Ganne Am,גני עם
34.87521412,32.05998307,Ganne Tiqwa,גני תקווה
34.82474316,32.22910642,Ga'ash,געש
35.21471551,33.00651084,Ga'ton,געתון
34.87856484,31.74074776,Gefen,גפן
35.06461277,29.94083938,Gerofit,גרופית
35.71701587,32.8189046,Geshur,גשור
35.55115741,32.62055837,Gesher,גשר
35.11184271,33.0391171,Gesher HaZiw,גשר הזיו
34.79474304,31.62777507,Gat(Qibbuz),גת (קיבוץ)
34.88005532,32.06847244,Gat Rimmon,גת רימון
35.05088482,32.69371126,Daliyat Al-Karmel,דאלית אל-כרמל
35.26406621,32.55285205,Devora,דבורה
35.37175219,32.69134942,Daburiyya,דבורייה
34.8249166,31.41241147,Devira,דבירה
35.34939433,32.64719322,Daverat,דברת
35.57485244,32.70804662,Deganya Alef,דגניה א'
35.57514034,32.70029113,Deganya Bet,דגניה ב'
35.40722689,33.0517904,Dovev,"דוב""ב"
35.13349007,31.92647184,Dolev,דולב
34.92095245,32.60773188,Dor,דור
34.64548056,31.50654086,Dorot,דורות
35.3443443,32.62104908,Dahi,דחי
35.26817087,32.93580396,Deir Al-Asad,דייר אל-אסד
35.3684406,32.86276668,Deir Hanna,דייר חנא
34.94716605,31.77652749,Deir Rafat,דייר ראפאת
35.03521995,31.06977253,Dimona,דימונה
35.51900541,33.08221488,Dishon,דישון
35.07492166,32.58968007,Daliyya,דלייה
35.48912771,33.01691658,Dalton,דלתון
35.22772108,32.81535279,Demeide,דמיידה
35.65326051,33.24040127,Dan,דן
35.63850969,33.22999478,Dafna,דפנה
34.34704638,31.19528164,Deqel,דקל
35.07577248,31.30107311,Derig'at,דריג'את
35.62196654,32.72521127,HaOn,האון
34.93268891,32.63715383,HaBonim,הבונים
35.62366068,33.22075895,HaGosherim,הגושרים
34.90094079,32.34915693,Hadar Am,הדר עם
34.89406929,32.15219365,Hod HaSharon,הוד השרון
35.4352369,32.78863258,Hodayot,הודיות
34.64078292,31.67498578,Hodiyya,הודייה
35.02149766,31.12224652,Al-Hawashila,הוואשלה (שבט)
34.74964125,31.40837854,Al-Huzayyil,הוזייל (שבט)
35.29194849,32.75851743,Hosha'aya,הושעיה
35.11949969,32.64400185,HaZorea,הזורע
35.5024542,32.74602083,HaZore'im,הזורעים
34.95688236,32.75226187,HaHoterim,החותרים
35.20486883,32.61183917,HaYogev,היוגב
35.24426431,33.0364402,Hilla,הילה
34.98277344,32.37836388,HaMa'pil,המעפיל
35.23762786,32.75060857,HaSolelim,הסוללים
34.92405883,32.36219573,HaOgen,העוגן
35.12913015,31.82672708,Har Adar,הר אדר
35.17215759,31.72159034,Har Gillo,הר גילה
35.10198595,31.34348633,Har Amasa,הר עמשא
34.9495048,31.80908851,Har'el,הראל
35.17167892,32.7646752,Harduf,הרדוף
34.83421296,32.16988791,Herzliyya,הרצלייה
35.36712761,32.84581667,Hararit,הררית
35.43312843,31.82654406,Wered Yeriho,ורד יריחו
34.7820373,31.66380769,Wardon,ורדון
35.03387314,31.23680806,Az-Zabarika,זבארגה (שבט)
34.76012838,31.65895348,Zavdi'el,זבדיאל
34.69268073,31.59539107,Zohar,זוהר
34.52146808,31.60929044,Ziqim,זיקים
34.89043294,31.97570312,Zetan,זיתן
34.95237781,32.57055771,Zikhron Ya'aqov,זכרון יעקב
34.9449244,31.70969632,Zekharya,זכריה
35.03507997,32.36545973,Zemer,זמר
34.5526223,31.44802179,Zimrat,זמרת
34.99920417,31.73252185,Zanoah,זנוח
34.62409238,31.45855667,Zeru'a,זרועה
35.22225719,32.72473273,Zarzir,זרזיר
34.74557204,31.68162847,Zerahya,זרחיה
35.13666983,32.77034185,Khawaled,ח'ואלד
35.15706089,32.75926031,Khawalid     /  Al-Khawalid,ח'ואלד (שבט)
34.86276099,32.36060172,Havazzelet HaSharon,חבצלת השרון
35.26438239,32.54798255,Hever,חבר
34.94711132,32.13752334,Hagor,חגור
35.07982549,31.49309075,Haggay,חגי
34.92621372,32.3870889,Hogla,חגלה
35.64237202,32.92738895,Had-Nes,חד-נס
34.93192582,31.96894525,Hadid,חדיד
34.91798304,32.43576484,Hadera,חדרה
35.29415911,32.83461908,Al-Hujayrat (Zahra),חוג'ייראת (ד'הרה) (שבט)
34.88257763,31.83139242,Hulda,חולדה
34.77894439,32.01668078,Holon,חולון
34.32573611,31.23067167,Holit,חולית
35.60990276,33.05165707,Hulata,חולתה
35.29742681,32.99782068,Hosen,חוסן
35.32030512,32.90042072,Hussniyya,חוסנייה
34.87404038,32.38497907,Hofit,חופית
35.49531676,32.88065991,Huqoq,חוקוק
34.93597895,31.2970689,Hura,חורה
35.346037,33.01752152,Hurfeish,חורפיש
34.97116952,32.13766016,Horeshim,חורשים
35.39492345,32.90655094,Hazon,חזון
34.91257725,32.39742818,Hibbat Ziyyon,חיבת ציון
35.16742036,32.4813529,Hinnanit,חיננית
35.00884262,32.80375054,Haifa,חיפה
34.91477811,32.24043668,Herut,חירות
35.3121357,32.95056131,Haluz,חלוץ
35.12654909,32.0066392,Hallamish,חלמיש
34.6585385,31.57802437,Helez,חלץ
35.48991807,32.82990753,Hamam,חמאם
34.84096227,32.01849693,Hemed,חמד
35.51990746,32.5204592,Hamadya,חמדיה
35.52618972,32.25136103,Hemdat,חמדת
35.43606925,32.19871425,Hamra,חמרה
34.94910835,32.33312217,Hanni'el,חניאל
35.17445122,33.08810795,Hanita,חניתה
35.24457847,32.78360881,Hannaton,חנתון
35.79375627,32.84552694,Haspin,חספין
34.80015604,31.78931236,Hafez Hayyim,חפץ חיים
35.42539098,32.51840633,Hefzi-Bah,חפצי-בה
34.76968051,31.78109546,Hazav,חצב
35.27986032,30.768245,Hazeva,חצבה
34.7203155,31.77262052,Hazor-Ashdod,חצור-אשדוד
35.5436847,32.98233679,Hazor HaGelilit,חצור הגלילית
34.71360314,31.2405839,Hazerim,חצרים
34.91692098,32.40185674,Herev Le'Et,חרב לאת
34.86485063,32.22768755,Haruzim,חרוצים
35.04841311,32.45880818,Harish,חריש
35.11896298,32.42343718,Hermesh,חרמש
35.32797201,32.95667805,Harashim,חרשים
35.02371971,31.93150342,Hashmona'im,חשמונאים
35.52436923,32.78753499,Tiberias,טבריה
35.59143119,32.96524671,Tuba-Zangariyye,טובא-זנגרייה
35.37554023,32.77646522,Tur'an,טורעאן
35.00650535,32.26478122,Tayibe,טייבה
35.44488292,32.60403473,Tayibe(Baemeq),טייבה (בעמק)
34.95363079,32.23366631,Tire,טירה
34.93380421,32.01376914,Tirat Yehuda,טירת יהודה
34.97201051,32.76157836,Tirat Karmel,טירת כרמל
35.52870325,32.42079479,Tirat Zevi,טירת צבי
35.17814107,32.92671044,Tal-El,טל-אל
34.90262783,31.80510809,Tal Shahar,טל שחר
34.77005504,30.99212655,Telalim,טללים
35.13422086,31.93882719,Talmon,טלמון
35.18959324,32.85421697,Tamra,טמרה
35.40382955,32.63449456,Tamra (Yizre'el),טמרה (יזרעאל)
34.95699112,31.37521579,Tene,טנא
35.42219473,32.86854565,Tefahot,טפחות
35.24530909,32.9806267,Yanuh-Jat,יאנוח-ג'ת
34.31624711,31.19038296,Yevul,יבול
35.50670774,32.71012291,Yavne'el,יבנאל
34.73689066,31.87711355,Yavne,יבנה
35.07747585,32.7418922,Yagur,יגור
34.87917294,31.98857061,Yagel,יגל
34.82218811,31.79785763,Yad Binyamin,יד בנימין
35.08964601,31.80983322,Yad HaShemona,יד השמונה
35.00615959,32.32610083,Yad Hanna,יד חנה
34.55849076,31.58901123,Yad Mordekhay,יד מרדכי
34.7055465,31.65252903,Yad Natan,יד נתן
34.90073235,31.90015612,Yad Rambam,"יד רמב""ם"
35.10558924,31.81336377,Yedida,ידידה
34.88621453,32.03304739,Yehud,יהוד
35.12820526,30.08297059,Yahel,יהל
35.59792455,33.24671964,Yuval,יובל
35.27048092,32.87872635,Yuvallim,יובלים
35.27183847,32.8368873,Yodefat,יודפת
35.79436897,32.93803475,Yonatan,יונתן
34.60924587,31.4437881,Yoshivya,יושיביה
35.32103998,32.56219016,Yizre'el,יזרעאל
35.22081343,32.99686235,Yehi'am,יחיעם
35.06053608,29.89464741,Yotvata,יטבתה
35.42359116,31.94749552,Yitav,"ייט""ב"
34.59973813,31.4827943,Yakhini,יכיני
34.94960772,32.3065212,Yanuv,ינוב
34.78146883,31.74262684,Yinnon,ינון
35.60253845,33.0568202,Yesud HaMa'ala,יסוד המעלה
34.86573479,31.81538631,Yesodot,יסודות
35.16596383,32.90091923,Yas'ur,יסעור
35.24312523,32.87882796,Ya'ad,יעד
35.30814392,32.55192172,Ya'el,יעל
34.96637896,32.26795832,Ye'af,יעף
35.18655895,33.06746235,Ya'ara,יערה
35.27598903,32.68458751,Yafi,יפיע
35.47395803,32.06364147,Yafit,יפית
35.22384714,32.67757301,Yif'at,יפעת
35.55164052,33.12874338,Yiftah,יפתח
35.23752146,32.16808088,Yizhar,יצהר
34.86038236,31.86316879,Yaziz,יציץ
34.84206338,32.24890602,Yaqum,יקום
35.11349561,32.14974614,Yaqir,יקיר
35.11501289,32.65454883,Yoqne'am(Moshava),יקנעם (מושבה)
35.09487638,32.6470486,Yoqne'am Illit,יקנעם עילית
35.45515823,33.07740048,Yir'on,יראון
35.56468137,32.56533511,Yardena,ירדנה
34.92836828,30.98805231,Yeroham,ירוחם
35.22017458,31.78291906,Jerusalem,ירושלים
34.96784487,32.15280401,Yarhiv,ירחיב
35.20711613,32.954575,Yirka,ירכא
34.89748458,32.14525824,Yarqona,ירקונה
34.4025249,31.24758769,Yesha,ישע
34.96559951,31.7515824,Yish'i,ישעי
34.8481355,31.91526022,Yashresh,ישרש
34.32837782,31.20597838,Yated,יתד
35.20882321,32.86981698,Kabul,כאבול
35.24865802,32.83067595,Kaokab Abu Al-Hija,כאוכב אבו אל-היג'א
35.14803768,33.0210153,Kabri,כברי
35.40516193,32.70617863,Kadoorie,כדורי
35.46415528,33.00470842,Kaddita,כדיתה
35.34841134,31.96031857,Kokhav HaShahar,כוכב השחר
34.99567239,32.22165897,Kokhav Ya'ir,כוכב יאיר
35.24302011,31.88058296,Kokhav Ya'aqov,כוכב יעקב
34.66930913,31.62884408,Kokhav Mikha'el,כוכב מיכאל
35.55089374,32.91063433,Korazim,כורזים
35.51020579,32.89099372,Kahal,כחל
35.05331232,31.28986495,Kochlea,כחלה
34.39912975,31.37527093,Kissufim,כיסופים
35.24999855,32.946091,Kishor,כישור
35.20080498,32.98135465,Kelil,כליל
35.4556561,32.8751554,Kallanit,כלנית
35.35078829,32.9132828,Kamane,כמאנה
34.43149924,30.91072406,Kemehin,כמהין
35.35987254,32.91200949,Kammon,כמון
34.75215901,31.80195685,Kannot,כנות
35.69989171,32.86964774,Kanaf,כנף
35.56489565,32.72511778,Kinneret(Moshava),כנרת (מושבה)
35.56207646,32.71367425,Kinneret(Qevuza),כנרת (קבוצה)
35.08844713,31.24381368,Kuseife,כסיפה
35.04936303,31.77407765,Kesalon,כסלון
35.30435034,32.96977341,Kisra-Sumei,כסרא-סמיע
35.18566264,32.74970982,Ka'abiyye-Tabbash-Hajajre,כעביה-טבאש-חג'אג'רה
34.72106555,31.83133219,Kefar Aviv,כפר אביב
35.33890887,31.82703918,Kefar Adummim,כפר אדומים
34.94659164,31.79330052,Kefar Uriyya,כפר אוריה
34.75697592,31.7446174,Kefar Ahim,כפר אחים
35.08643988,32.82143078,Kefar Bialik,כפר ביאליק
34.82568344,31.87280983,Kefar Bilu,"כפר ביל""ו"
35.60981476,33.17247745,Kefar Blum,כפר בלום
34.94714016,31.86202122,Kefar Bin Nun,כפר בן נון
34.97065662,32.13098597,Kafar Bara,כפר ברא
35.19080027,32.64628418,Kefar Barukh,כפר ברוך
35.2913041,32.64409081,Kefar Gid'on,כפר גדעון
34.95897888,32.76597182,Kefar Gallim,כפר גלים
35.00438321,32.50554621,Kefar Glikson,כפר גליקסון
35.57462262,33.24264369,Kefar Gil'adi,כפר גלעדי
34.93245239,31.93386582,Kefar Daniyyel,כפר דניאל
35.03706533,31.91970786,Kefar HaOranim,כפר האורנים
35.27290937,32.70100038,Kefar HaHoresh,כפר החורש
35.11615825,32.79025662,Kefar HaMakkabbi,כפר המכבי
34.7496264,31.88771099,Kefar HaNagid,כפר הנגיד
35.09827989,32.74308377,Kefar HaNo'ar Hadati,כפר הנוער הדתי
35.60345365,32.97476652,Kefar HaNasi,כפר הנשיא
34.93385932,32.24634051,Kefar Hess,כפר הס
34.91185506,32.39066338,Kefar HaRo'e,"כפר הרא""ה"
34.7927474,31.74563985,Kefar Harif,"כפר הרי""ף"
34.87798475,32.3815627,Kefar Vitkin,כפר ויתקין
34.7266078,31.71907538,Kefar Warburg,כפר ורבורג
35.26917707,32.99603517,Kefar Weradim,כפר ורדים
34.92482862,31.6213623,Kefar Zoharim,כפר זוהרים
35.46401904,32.81147925,Kefar Zetim,כפר זיתים
34.85038592,31.99011679,Kefar Habad,"כפר חב""ד"
35.44020468,33.01205941,Kefar Hoshen,כפר חושן
35.50295751,32.80093289,Kefar Hittim,כפר חיטים
34.90028651,32.35420518,Kefar Hayyim,כפר חיים
35.42327065,32.9150705,Kefar Hananya,כפר חנניה
35.09272236,32.75056308,Kefar Hasidim Alef,כפר חסידים א'
35.08749464,32.74992712,Kefar Hasidim Bet,כפר חסידים ב'
35.66279812,32.76212825,Kefar Haruv,כפר חרוב
34.92427387,31.98047176,Kefar Truman,כפר טרומן
35.16316011,32.95402718,Kafar Yasif,כפר יאסיף
34.89850904,32.34572438,Kefar Yedidya,כפר ידידיה
35.15241026,32.68216242,Kefar Yehoshua,כפר יהושע
34.9318486,32.31550171,Kefar Yona,כפר יונה
35.35991434,32.5671978,Kefar Yehezqel,כפר יחזקאל
34.96551238,32.27462978,Kefar Ya'bez,כפר יעבץ
35.44050486,32.72180679,Kafar Kama,כפר כמא
35.34229934,32.74656971,Kafar Kanna,כפר כנא
34.91613709,32.34747924,Kefar Monash,כפר מונש
34.53590262,31.4322432,Kefar Maymon,כפר מימון
34.89401547,32.16806489,Kefar Malal,"כפר מל""ל"
35.26060667,32.80993221,Kafar Manda,כפר מנדא
34.83291477,31.72962037,Kefar Menahem,כפר מנחם
35.10024186,32.89042217,Kefar Masaryk,כפר מסריק
35.42197245,32.6454654,Kafar Misr,כפר מצר
34.7553963,31.83127763,Kefar Mordekhay,כפר מרדכי
34.87178461,32.27540957,Kefar Netter,כפר נטר
35.65807249,33.19566323,Kefar Szold,כפר סאלד
34.91263313,32.18118504,Kefar Sava,כפר סבא
34.61179478,31.67314091,Kefar Silver,כפר סילבר
34.92429737,32.07705487,Kefar Sirkin,כפר סירקין
34.94083341,32.2564551,Kefar Avoda,כפר עבודה
34.53195936,31.48362857,Kefar Azza,כפר עזה
35.11567338,31.64950522,Kefar Ezyon,כפר עציון
35.00240954,32.48399151,Kefar Pines,כפר פינס
34.97387608,32.11503018,Kafar Qasem,כפר קאסם
35.449102,32.66687627,Kefar Kisch,כפר קיש
35.051631,32.50570266,Kafar Qara,כפר קרע
35.11372132,33.08618504,Kefar Rosh HaNiqra,כפר ראש הנקרה
35.28842859,33.10007534,Kefar Rozenwald(Zarit),כפר רוזנואלד (זרעית)
35.55670138,32.45778121,Kefar Ruppin,כפר רופין
35.03095018,31.91041089,Kefar Rut,כפר רות
35.45717006,32.95675407,Kefar Shammay,כפר שמאי
34.9323694,31.89021758,Kefar Shemu'el,כפר שמואל
34.82110369,32.18626121,Kefar Shemaryahu,כפר שמריהו
35.42047328,32.68685663,Kefar Tavor,כפר תבור
35.24979528,32.1183884,Kefar Tappuah,כפר תפוח
35.60795594,32.92975895,Karkom,כרכום
35.4676792,33.03824283,Kerem Ben Zimra,כרם בן זמרה
34.93312054,31.9583966,Kerem Ben Shemen,כרם בן שמן
34.72240014,31.8184412,Kerem Yavne(Yeshiva),כרם יבנה (ישיבה)
34.99053483,32.64619274,Kerem Maharal,"כרם מהר""ל"
34.28430751,31.22776647,Kerem Shalom,כרם שלום
34.92023865,31.84771506,Karme Yosef,כרמי יוסף
35.10074764,31.60900029,Karme Zur,כרמי צור
34.91318451,31.53601975,Karme Katif,כרמי קטיף
35.29177754,32.91117388,Karmi'el,כרמיאל
34.54194086,31.60515963,Karmiyya,כרמייה
34.91790951,31.33301579,Keramim,כרמים
35.18277592,31.43155071,Karmel,כרמל
35.28720939,32.94174388,Lavon,לבון
35.44206576,32.78744761,Lavi,לביא
35.49462069,32.86380008,Livnim,לבנים
34.8688853,31.37961516,Lahav,להב
35.64739781,33.14151355,Lahavot HaBashan,להבות הבשן
35.00930394,32.39500002,Lahavot Haviva,להבות חביבה
34.81331529,31.36980747,Lehavim,להבים
34.88808281,31.95143858,Lod,לוד
34.8866651,31.68638691,Luzit,לוזית
35.09769618,32.96336576,Lohame HaGeta'ot,לוחמי הגיטאות
35.35821768,32.88225605,Lotem,לוטם
35.08775987,29.98759045,Lotan,לוטן
35.11278458,33.05994614,Liman,לימן
34.8422203,31.56136127,Lakhish,לכיש
35.03262868,31.91744739,Lappid,לפיד
35.2618772,32.95907023,Lappidot,לפידות
34.86719144,31.32405392,Laqye,לקיה
35.00605069,32.42457236,Ma'or,מאור
34.97138571,32.59142425,Me'ir Shefeya,מאיר שפיה
35.10589761,31.72182686,Mevo Betar,מבוא ביתר
35.17478089,32.42084764,Mevo Dotan,מבוא דותן
35.03560872,31.8488224,Mevo Horon,מבוא חורון
35.65498388,32.73618784,Mevo Hamma,מבוא חמה
34.98723172,31.93361061,Mevo Modi'im,מבוא מודיעים
34.86823389,32.40326921,Mevo'ot Yam,מבואות ים
34.65465436,31.44985321,Mabbu'im,מבועים
34.40793884,31.24040633,Mivtahim,מבטחים
34.57691628,31.62220069,Mavqi'im,מבקיעים
35.15143314,31.79986357,Mevasseret Ziyyon,מבשרת ציון
35.25458287,32.92111279,Majd al-Kurum,מג'ד אל-כרום
35.77025457,33.26372677,Majdal Shams,מג'דל שמס
35.41219457,32.88713732,Mughar,מגאר
34.95875801,32.72981319,Megadim,מגדים
35.50478885,32.83753708,Migdal,מגדל
35.24325188,32.67810955,Migdal HaEmeq,מגדל העמק
35.14266905,31.6401418,Migdal Oz,מגדל עוז
35.34215261,32.0900955,Migdalim,מגדלים
35.17952106,32.58009593,Megiddo,מגידו
35.03355427,32.38574718,Maggal,מגל
34.42697575,31.29977613,Magen,מגן
35.30757656,32.52126322,Magen Sha'ul,מגן שאול
34.89897905,32.04660579,Magshimim,מגשימים
35.15863891,32.59505871,Midrakh Oz,מדרך עוז
34.78249819,30.85272605,Midreshet Ben Gurion,מדרשת בן גוריון
34.91201132,32.34214938,Midreshet Ruppin,מדרשת רופין
35.0124791,31.89568461,Modi'in-Makkabbim-Re'ut,מודיעין-מכבים-רעות*
35.04381083,31.93207151,Modi'in Illit,מודיעין עילית
35.44057561,32.5864593,Moledet,מולדת
35.15777206,31.79382372,Moza Illit,מוצא עילית
35.29618107,32.5142385,Muqeible,מוקייבלה
35.39377969,32.92161071,Moran,מורן
35.2334909,32.82635225,Moreshet,מורשת
34.92543374,32.05162669,Mazor,מזור
34.84330843,31.85175846,Mazkeret Batya,מזכרת בתיה
35.28640774,32.65094716,Mizra,מזרע
35.09842043,32.98383431,Mazra'a,מזרעה
35.51480096,32.36591324,Mehola,מחולה
34.69223778,31.90597979,Mahane Hilla,מחנה הילה*
34.66712237,30.75145937,Mahane Tali,מחנה טלי*
35.17832497,32.66449689,Mahane Yehudit,מחנה יהודית*
34.93050385,29.93142744,Mahane Yokheved,מחנה יוכבד*
34.67498166,31.2204986,Mahane Yafa,מחנה יפה*
35.06015622,31.34741447,Mahane Yattir,מחנה יתיר
34.72474597,31.752797,Mahane Miryam,מחנה מרים*
35.0318181,31.2124535,Mahane Adi,מחנה עדי*
34.81939711,31.83428309,Mahane Tel Nof,מחנה תל נוף*
35.57013724,32.98911477,Mahanayim,מחניים
35.0072968,31.74786601,Mahseya,מחסיה
35.57692117,33.27861156,Metula,מטולה
35.06211709,31.7179977,Matta,מטע
35.14814984,32.50479101,Me Ammi,מי עמי
35.30079109,32.54588596,Metav,מיטב
35.04184411,32.44473264,Meiser,מייסר
35.73603549,32.76706877,Mezar,מיצר
35.42204012,32.45276555,Merav,מירב
35.4400313,32.98708362,Meron,מירון
34.75440257,31.81837804,Meshar,מישר
34.93789226,31.32629459,Metar,מיתר
35.42336798,32.16501019,Mekhora,מכורה
35.06696531,31.29006068,Makchul,מכחול
34.87332475,32.40634863,Mikhmoret,מכמורת
35.32779563,32.90663515,Mikhmannim,מכמנים
35.23734612,32.56386299,Mele'a,מלאה
34.59529033,31.38952006,Melilot,מלילות
35.5107155,33.10071932,Malkiyya,מלכייה
35.41328663,32.43862297,Malkishua,מלכישוע
34.77742595,31.65765977,Menuha,מנוחה
35.23649091,32.85349242,Manof,מנוף
35.19470066,33.03879046,Manot,מנות
35.55506384,32.66599383,Menahemya,מנחמיה
35.54461437,33.19629543,Menara,מנרה
35.19377732,32.70660918,Manshiyyet Zabda,מנשית זבדה
35.42256167,32.84383882,Massad,מסד
35.59831602,32.68371934,Massada,מסדה
35.474174,32.4955875,Mesillot,מסילות
35.011194,31.80234319,Mesillat Ziyyon,מסילת ציון
34.58951163,31.32437685,Maslul,מסלול
35.75727803,33.23114667,Mas'ade,מסעדה
34.81465903,31.19664614,Mas'udin al 'Azazma,מסעודין אל-עזאזמה (שבט)
34.90492966,32.36368472,Ma'barot,מעברות
34.59860816,31.39675078,Ma'galim,מעגלים
35.60001595,32.70652707,Ma'agan,מעגן
34.91600405,32.55614203,Ma'agan Mikha'el,מעגן מיכאל
35.5503484,32.49305671,Ma'oz Hayyim,מעוז חיים
35.1638507,31.41368861,Ma'on,מעון
35.26095097,33.0162365,Me'ona,מעונה
35.60722835,33.23983752,Ma'yan Barukh,מעיין ברוך
34.94056425,32.56818897,Ma'yan Zevi,מעיין צבי
35.25742554,33.02687768,Mi'elya,מעיליא
35.30653494,31.78017363,Ma'ale Adummim,מעלה אדומים
35.40386885,32.07116585,Ma'ale Efrayim,מעלה אפרים
35.41880043,32.4769378,Ma'ale Gilboa,מעלה גלבוע
35.68471905,32.88936336,Ma'ale Gamla,מעלה גמלא
35.11054859,31.81778653,Ma'ale HaHamisha,מעלה החמישה
35.24002209,32.05481469,Ma'ale Levona,מעלה לבונה
35.30622047,31.87856409,Ma'ale Mikhmas,מעלה מכמש
35.15578637,32.55159429,Ma'ale Iron,מעלה עירון
35.22983708,31.59623341,Ma'ale Amos,מעלה עמוס
35.07022311,32.16666123,Ma'ale Shomeron,מעלה שומרון
35.2777526,33.01487527,Ma'alot-Tarshiha,מעלות-תרשיחא
35.02810271,32.45661717,Ma'anit,מענית
34.88970554,32.06470923,Ma'as,מעש
34.56193183,31.50200005,Mefallesim,מפלסים
35.11257889,31.36468906,Mezadot Yehuda,מצדות יהודה
35.15711236,33.06366767,Mazzuva,מצובה
34.87311925,31.90639985,Mazliah,מצליח
35.50964667,32.79009646,Mizpa,מצפה
35.20038378,32.83681517,Mizpe Aviv,"מצפה אבי""ב"
35.06904306,32.46135695,Mitspe Ilan,מצפה אילן
35.39455253,31.81596586,Mizpe Yeriho,מצפה יריחו
35.38391827,32.80269287,Mizpe Netofa,מצפה נטופה
34.80164194,30.62395509,Mizpe Ramon,מצפה רמון
35.40078868,31.56767631,Mizpe Shalem,מצפה שלם
35.04748841,32.44005072,Mezer,מצר
34.78132116,32.02922371,Miqwe Yisra'el,מקווה ישראל
35.54490072,33.21486826,Margaliyyot,מרגליות
35.77584526,33.13314649,Merom Golan,מרום גולן
34.82825719,30.88759261,Merhav Am,מרחב עם
35.31661949,32.60376381,Merhavya(Moshav),מרחביה (מושב)
35.30724768,32.60629665,Merhavya(Qibbuz),מרחביה (קיבוץ)
34.70657876,31.69618223,Merkaz Shappira,מרכז שפירא
34.78623432,31.00327385,Mash'abbe Sade,משאבי שדה
34.73929094,31.82003716,Misgav Dov,משגב דב
35.54846194,33.24776788,Misgav Am,משגב עם
35.32319189,32.74045767,Meshhed,משהד
35.4909489,32.1126618,Massu'a,משואה
34.68966521,31.70287886,Massu'ot Yizhaq,משואות יצחק
35.50391117,32.31778572,Maskiyyot,משכיות
34.94552892,31.87139694,Mishmar Ayyalon,משמר איילון
34.90045846,31.82259847,Mishmar Dawid,משמר דוד
35.59920063,33.004625,Mishmar HaYarden,משמר הירדן
34.71779971,31.36361836,Mishmar HaNegev,משמר הנגב
35.14243731,32.6102909,Mishmar HaEmeq,משמר העמק
34.82353429,32.00960814,Mishmar HaShiv'a,משמר השבעה
34.90346551,32.35664755,Mishmar HaSharon,משמר השרון
34.98442328,32.48666656,Mishmarot,משמרות
34.92022784,32.22809477,Mishmeret,משמרת
34.62370438,31.65723315,Mash'en,משען
34.97397823,32.15867694,Mattan,מתן
35.3575295,33.04113151,Mattat,מתת
35.03207697,31.92980158,Mattityahu,מתתיהו
35.69185355,32.78690517,Ne'ot Golan,נאות גולן
35.37824106,30.93375251,Ne'ot HaKikkar,נאות הכיכר
35.59678684,33.16007661,Ne'ot Mordekhay,נאות מרדכי
35.02671595,30.04976615,Ne'ot Smadar,נאות סמדר
35.39131893,32.61413492,Na'ura,נאעורה
34.88266589,31.22235845,Nevatim,נבטים
34.68251253,31.66154552,Negba,נגבה
34.98352018,31.49314108,Negohot,נגוהות
34.70559854,31.62303882,Nehora,נהורה
35.196765,32.69037859,Nahalal,נהלל
35.09732148,33.0079079,Nahariyya,נהרייה
35.78267153,32.8327749,Nov,נוב
34.69463071,31.62425809,Nogah,נוגה
34.33391766,31.16245527,Nave,נווה
34.96761671,32.48537362,Newe Avot,נווה אבות
35.55337843,32.58881176,Newe Ur,נווה אור
35.74169755,33.26223052,Newe Ativ,"נווה אטי""ב"
35.08088249,31.80829188,Newe Ilan,נווה אילן
35.53183119,32.49202416,Newe Etan,נווה איתן
35.14391012,31.67702845,Newe Daniyyel,נווה דניאל
35.36490093,31.15285217,Newe Zohar,נווה זוהר
35.1837842,33.02697734,Newe Ziv,נווה זיו
35.03731223,30.03805296,Newe Harif,נווה חריף
34.93064175,32.67943971,Newe Yam,נווה ים
34.94001846,32.17141585,Newe Yamin,נווה ימין
34.92444479,32.13287611,Newe Yaraq,נווה ירק
34.74115848,31.80561478,Newe Mivtah,נווה מבטח
35.00545173,31.67291939,Newe Mikha'el,נווה מיכאל
34.97852603,31.81771077,Newe Shalom,נווה שלום
34.78878929,31.56814302,No'am,נועם
34.98875799,31.86868197,Nof Ayyalon,נוף איילון
35.10161773,32.15505759,Nofim,נופים
35.14564228,32.75934563,Nofit,נופית
34.92090573,32.04350044,Nofekh,נופך
35.24366092,31.64565213,Noqedim,נוקדים
34.89659394,32.31524027,Nordiyya,נורדייה
35.35976236,32.54077728,Nurit,נורית
34.95410447,31.63035148,Nehusha,נחושה
34.4975228,31.47280114,Nahal Oz,נחל עוז
34.79492603,31.65816806,Nahala,נחלה
35.13980099,31.97445194,Nahali'el,נחליאל
34.91228024,32.05908197,Nehalim,נחלים
35.0033519,31.76634763,Naham,נחם
35.31703517,32.93477767,Nahef,נחף
34.9207209,32.61359253,Nahsholim,נחשולים
34.9556764,31.83119564,Nahshon,נחשון
34.94891363,32.06123528,Nahshonim,נחשונים
35.32351806,33.0647019,Netu'a,נטועה
35.75310641,32.85319562,Natur,נטור
34.92609786,31.47796767,Neta,נטע
34.77578422,31.94515716,Neta'im,נטעים
35.0676466,31.83199663,Nataf,נטף
35.3485161,32.63123381,Nein,ניין
35.04767053,31.96327922,Nili,"ניל""י"
34.63120936,31.73987507,Nizzan,ניצן
34.63661203,31.73647231,Nizzan B,ניצן ב'
34.42155277,30.88613182,Nizzana (Qehilat Hinuh),ניצנה (קהילת חינוך)
34.3973446,30.90465294,Nizzane Sinay,ניצני סיני
35.00418599,32.30598838,Nizzane Oz,ניצני עוז
34.63409003,31.71752261,Nizzanim,ניצנים
34.94895816,32.19731534,Nir Eliyyahu,ניר אליהו
34.75489995,31.67183158,Nir Banim,ניר בנים
34.68275902,31.8245976,Nir Gallim,ניר גלים
35.45664007,32.5036493,Nir Dawid (Tel Amal),ניר דוד (תל עמל)
34.71463166,31.60882455,Nir Hen,"ניר ח""ן"
35.24522826,32.56909072,Nir Yafe,ניר יפה
34.35768412,31.23774027,Nir Yizhaq,ניר יצחק
34.63648964,31.6873219,Nir Yisra'el,ניר ישראל
34.63092063,31.47752663,Nir Moshe,ניר משה
34.40209402,31.31089644,Nir Oz,ניר עוז
34.57991761,31.51985567,Nir Am,ניר עם
34.99072769,32.69948427,Nir Ezyon,ניר עציון
34.64664526,31.46993024,Nir Aqiva,ניר עקיבא
34.8629054,31.9525457,Nir Zevi,ניר צבי
34.39494622,31.33601363,Nirim,נירים
34.98503146,32.14688319,Nirit,נירית
35.45527044,31.9678179,Niran,נירן
35.75135959,33.24550854,Nimrod,נמרוד
35.05838168,31.74522929,Nes Harim,נס הרים
35.12047601,32.96617835,Nes Ammim,נס עמים
34.79797045,31.92656264,Nes Ziyyona,נס ציונה
34.86207254,32.37412613,Ne'urim,נעורים
35.06491336,31.96329935,Na'ale,נעלה
35.467791,31.9067396,Na'ama,"נעמ""ה"
34.85787536,31.88363334,Na'an,נען
35.10526629,31.22155035,An-Nasasira,נצאצרה (שבט)
34.86275602,31.82124024,Nezer Hazzani,נצר חזני
34.82410236,31.92321669,Nezer Sereni,נצר סרני
35.2947727,32.70188827,Nazareth,נצרת
35.32293583,32.70817681,Nazerat Illit,נצרת עילית
35.04221732,32.7690829,Nesher,נשר
35.44464001,31.98867029,Netiv HaGedud,נתיב הגדוד
34.98253231,31.68803272,Netiv HaLamed-He,"נתיב הל""ה"
34.5396464,31.57214028,Netiv HaAsara,נתיב העשרה
35.1356432,32.99404925,Netiv HaShayyara,נתיב השיירה
34.58519966,31.4212176,Netivot,נתיבות
34.86250292,32.31623461,Netanya,נתניה
35.34292264,32.94214543,Sajur,סאג'ור
35.39464705,33.02710473,Sasa,סאסא
34.87843763,32.04682516,Savyon,סביון*
34.78032238,31.66993456,Segulla,סגולה
35.16826268,32.76746953,Sawa'id(Hamriyye),סואעד (חמרייה)*
35.33891413,32.90779588,Sawa'id (Al-Kammana),סואעד (כמאנה) (שבט)
35.33451986,32.60600087,Sulam,סולם
35.11349844,31.39210745,Suseya,סוסיה
34.34215311,31.23736648,Sufa,סופה
35.29921084,32.8646416,Sakhnin,סח'נין
34.91825033,31.28981536,Sayyid,סייד (שבט)
35.36849571,32.89270251,Sallama,סלמה
35.04995062,32.24292875,Sal'it,סלעית
35.02254963,29.83235505,Samar,סמר
34.90215919,31.36256191,Sansana,סנסנה
34.53436513,31.470925,Sa'ad,סעד
34.97063855,31.25501747,Sa'Wa,סעוה
35.10874836,33.02973747,Sa'ar,סער
35.18431634,30.61492604,Sappir,ספיר
34.84463833,31.89017984,Sitriyya,סתרייה
35.62572377,33.27070187,Ghajar,ע'ג'ר
35.18046035,33.04798548,Avdon,עבדון
35.10055071,32.99186095,Evron,עברון
34.91225846,31.69772123,Agur,עגור
35.1735938,32.78234902,Adi,עדי
34.90523913,32.14004645,Adanim,עדנים
34.76433912,31.59322303,Uza,עוזה
35.32539311,32.79031963,Uzeir,עוזייר
34.98575354,32.33228926,Olesh,עולש
34.85038199,31.26772989,Omer,עומר
34.98206754,32.6222825,Ofer,עופר
34.70394326,31.63692081,Ozem,עוצם
34.91616632,31.28439926,Al-'Ukbi,עוקבי (בנו עוקבה) (שבט)
34.47277576,30.79235926,Ezuz,עזוז
34.67111643,31.73680175,Ezer,עזר
34.97063849,32.26246548,Azri'el,עזריאל
34.90964311,31.89043744,Azarya,עזריה
34.69710418,31.75088626,Azriqam,עזריקם
34.92877111,31.28352502,Al-'Atawina,עטאוונה (שבט)
35.17724557,32.00043773,Ateret,עטרת
35.30047599,30.80665581,Iddan,עידן
35.40150281,32.83657006,Eilabun,עיילבון
34.76788579,31.91564107,Ayanot,עיינות
35.26129541,32.71750747,Ilut,עילוט
34.94635255,32.62924756,En Ayyala,עין איילה
35.39938068,32.94062746,Ein Al-Asad,עין אל-אסד
35.63910042,32.78277121,En Gev,עין גב
35.38476744,31.45262016,En Gedi,עין גדי
35.41656265,32.65638541,En Dor,עין דור
34.44245769,31.28147068,En HaBesor,עין הבשור
34.98315466,32.70001216,En Hod,עין הוד
34.93802607,32.38170391,En HaHoresh,עין החורש
35.09659246,32.9034033,En HaMifraz,עין המפרץ
35.50133024,32.47036791,En HaNaziv,"עין הנצי""ב"
35.08477538,32.62882464,En HaEmeq,עין העמק
35.10037127,32.59592565,En HaShofet,עין השופט
34.40164455,31.35147757,En HaShelosha,עין השלושה
34.93168292,32.26446142,En Wered,עין ורד
35.79606802,33.09653603,En Ziwan,עין זיוון
34.99970387,32.69156421,Ein Hod,עין חוד
35.24592558,30.7985669,En Hazeva,עין חצבה
35.39121422,32.56363847,En Harod (Ihud),עין חרוד (איחוד)
35.39152282,32.55840798,En Harod(Me'uhad),עין חרוד (מאוחד)
35.23751871,30.65812938,En Yahav,עין יהב
35.22948403,33.00948426,En Ya'aqov,עין יעקב
35.15302911,31.77822003,En Karem-B.S.Haqla'i,"עין כרם-בי""ס חקלאי"
34.95271803,32.67732185,En Karmel,עין כרמל
35.35292943,32.72248205,Ein Mahel,עין מאהל
35.11986536,31.79326306,Ein Naqquba,עין נקובא
35.00932559,32.48364173,En Iron,עין עירון
34.71987068,31.69587269,En Zurim,עין צורים
35.73167214,33.23693801,Ein Qiniyye,עין קנייא
35.11501107,31.79028367,Ein Rafa,עין ראפה
35.00713492,32.46370983,En Shemer,עין שמר
34.93558238,32.273758,En Sarid,עין שריד
35.37407212,30.94304823,En Tamar,עין תמר
34.93783501,32.08375737,Enat,עינת
35.24561707,30.81020253,Ir Ovot,עיר אובות
35.08437351,32.92836867,Akko,עכו
34.51335182,31.45232521,Alumim,עלומים
35.26682417,32.07247967,Eli,עלי
35.064643,32.07169635,Ale Zahav,עלי זהב
35.4998376,33.05124487,Alma,עלמה
35.29549953,31.83122606,Almon,עלמון
35.52480567,32.99807558,Amuqqa,עמוקה
35.14164517,31.7516105,Amminadav,עמינדב
35.54101872,32.92815376,Ammi'ad,עמיעד
34.41301497,31.24846439,Ammi'oz,עמיעוז
35.02086661,32.56319209,Ammiqam,עמיקם
35.62024144,33.17821352,Amir,עמיר
35.13786573,32.16310779,Immanu'el,עמנואל
35.16197162,32.97918344,Amqa,עמקה
35.12599397,32.28430011,Enav,ענב
35.06503094,32.7172624,Isifya,עספיא
35.30203897,32.61685096,Afula,עפולה
35.26283002,31.95335254,Ofra,עפרה
35.04719159,32.11974163,Ez Efrayim,עץ אפרים
35.2520945,32.86602092,Atsmon Segev,עצמון שגב
35.33818856,32.8517119,Arrabe,עראבה
35.22575748,33.08865076,Aramsha,עראמשה*
35.29025874,32.88809188,Arab Al Naim,ערב אל נעים
35.21399794,31.25892774,Arad,ערד
34.77243218,31.73420944,Arugot,ערוגות
35.08984142,32.49979182,Ar'ara,ערערה
35.02342073,31.15850686,Ar'ara-BaNegev,ערערה-בנגב
34.74729565,31.82457529,Aseret,עשרת
34.94244357,32.69073629,Atlit,עתלית
35.02919434,31.43936924,Otni'el,עתניאל
35.15493029,30.36298295,Paran,פארן
35.0522678,32.06194264,Pedu'el,פדואל
34.61113827,31.32691371,Peduyim,פדויים
34.88259089,31.85799636,Pedaya,פדיה
34.95240759,32.59797018,Fureidis,פוריידיס
35.54673992,32.71957811,Poriyya-Kefar Avoda,פורייה - כפר עבודה
35.53733808,32.74421983,Poriyya-Newe Oved,פורייה - נווה עובד
35.5467816,32.73048857,Poriyya Illit,פורייה עילית
34.95032911,32.27631349,Porat,פורת
34.55986461,31.32729779,Pattish,פטיש
35.23352589,32.93383311,Pelekh,פלך
34.7064673,31.93345131,Palmahim,פלמחים
35.1655033,31.48611084,Pene Hever,פני חבר
35.22484545,31.89889426,Pesagot,פסגות
35.3097922,33.04848437,Fassuta,פסוטה
34.69310979,31.4393704,Pa'ame Tashaz,"פעמי תש""ז"
35.44234952,32.04413566,Peza'el,פצאל
35.33185371,32.97858477,Peqi'in (Buqei'a),פקיעין (בוקייעה)
35.32298114,32.98355269,Peqi'in Hadasha,פקיעין חדשה
34.97573452,32.4726741,Pardes Hanna-Karkur,פרדס חנה-כרכור
34.91064104,32.30598562,Pardesiyya,פרדסייה
35.43229332,32.93182556,Parod,פרוד
35.31079843,32.54578772,Perazon,פרזון
34.35541368,31.22167194,Peri Gan,פרי גן
34.88635208,32.08508142,Petah Tiqwa,פתח תקווה
34.88572849,31.86738324,Petahya,פתחיה
34.53415785,31.20369783,Ze'elim,צאלים
35.33161964,32.88976988,Zviyya,צביה
35.41626496,33.02562726,Ziv'on,צבעון
35.11945192,31.7835229,Zova,צובה
34.42571123,31.23636656,Zohar,צוחר
34.73858252,31.85592705,Zofiyya,צופייה
35.00887657,32.19832401,Zufim,צופים
34.92065481,32.1931068,Zofit,צופית
35.18067957,30.56035382,Zofar,צופר
34.85893316,32.36140286,Zuqi Yam,צוקי ים
35.16632269,30.49125577,Zuqim,צוקים
35.09545768,31.71712873,Zur Hadassa,צור הדסה
34.99912908,32.24123317,Zur Yizhaq,צור יצחק
34.91385233,32.29787718,Zur Moshe,צור משה
35.01324197,32.24080443,Zur Natan,צור נתן
35.31380916,33.00682408,Zuri'el,צוריאל
35.2530761,32.9027191,Zurit,צורית
35.27849181,32.74563174,Zippori,ציפורי
34.93124801,31.80454145,Zelafon,צלפון
35.32343698,32.52269201,Sandala,צנדלה
34.85573292,32.00320777,Zafriyya,צפרייה
34.94390258,31.66009237,Zafririm,צפרירים
35.50521787,32.96458234,Zefat,צפת
34.94810877,32.64863806,Zerufa,צרופה
34.9691592,31.76295224,Zor'a,צרעה
35.16822921,31.23962193,Kabbu'a,קבועה (שבט)
34.71988327,31.81500471,Qevuzat Yavne,קבוצת יבנה
35.16020804,32.21848714,Qedumim,קדומים
34.9198528,32.28030643,Qadima- Zoran,קדימה-צורן
34.77501261,31.70094026,Qedma,קדמה
35.69811076,33.02997017,Qidmat Zevi,קדמת צבי
35.30956555,31.75266493,Qedar,קדר
34.79624006,31.81545291,Qidron,קדרון
35.47431791,32.89801922,Qaddarim,קדרים
35.11569371,31.29371126,Kudayrat as-Sani',קודייראת א-צאנע (שבט)
35.02111497,31.32066826,Kawa'in,קוואעין (שבט)
34.7308033,31.66164373,Qomemiyyut,קוממיות
35.25218962,32.84410985,Qoranit,קורנית
35.06115313,29.96979294,Qetura,קטורה
34.90818086,32.50670902,Qesaryya,קיסריה
34.67790633,31.44940979,Qelahim,קלחים
35.46713618,31.75027317,Qalya,קליה
34.97715442,32.28817779,Qalansawe,קלנסווה
35.69053848,33.13233636,Qela,קלע
35.10379601,32.48618748,Qazir,קציר
34.98216917,31.08304068,Qasr A-Sir,קצר א-סר
35.68805964,32.99268109,Qazrin,קצרין
34.85699765,32.06065587,Qiryat Ono,קריית אונו
35.11820338,31.53551074,Qiryat Arba,קריית ארבע
35.10845696,32.80431742,Qiryat Atta,קריית אתא
35.08983513,32.83856608,Qiryat Bialik,קריית ביאליק
34.76532121,31.60846778,Qiryat Gat,קריית גת
35.12657828,32.71560251,Qiryat Tiv'on,קריית טבעון
35.07198272,32.84873754,Qiryat Yam,קריית ים
35.10190315,31.80398174,Qiryat Ye'arim,קריית יערים
35.10421812,31.81164921,Qiryat Ye'arim(Institute),קריית יערים (מוסד)
35.07979889,32.83576124,Qiryat Motzkin,קריית מוצקין
34.74574446,31.7323125,Qiryat Mal'akhi,קריית מלאכי
35.11172659,32.11719017,Qiryat Netafim,קריית נטפים
35.11942714,31.81057808,Qiryat Anavim,קריית ענבים
34.82308827,31.86143912,Qiryat Eqron,קריית עקרון
34.86153718,32.23426154,Qiryat Shelomo,קריית שלמה
35.57341981,33.21172144,Qiryat Shemona,קריית שמונה
35.09227035,32.17047022,Qarne Shomeron,קרני שומרון
35.80855485,32.97998402,Qeshet,קשת
35.36708301,32.93841946,Rame,ראמה
35.37249092,32.91433754,Ras Al-Ein,ראס אל-עין
35.15470587,32.77233406,Ras Ali,ראס עלי
34.95771807,32.0950701,Rosh HaAyin,ראש העין
35.54256301,32.96872469,Rosh Pinna,ראש פינה
35.12514615,31.66799958,Rosh Zurim,ראש צורים
34.8002173,31.96886465,Rishon LeZiyyon,ראשון לציון
35.12867903,32.11891486,Revava,רבבה
34.81595285,31.77385001,Revadim,רבדים
34.72247178,31.04390919,Revivim,רביבים
35.46434732,32.85088236,Ravid,רביד
35.0996044,32.97779412,Regba,רגבה
35.03457024,32.52398602,Regavim,רגבים
34.75403268,31.39161901,Rahat,רהט
34.73339569,31.64938821,Rewaha,רווחה
35.47339645,32.44878888,Rewaya,רוויה
34.73346297,30.98162597,Ruah Midbar,רוח מדבר
34.70531901,31.49749906,Ruhama,רוחמה
35.31097843,32.78771779,Rummane,רומאנה
35.3043492,32.77807507,Rumat Heib,רומת הייב
35.48935543,32.24757182,Ro'i,רועי
35.51916352,32.33704626,Rotem,רותם
35.48914229,32.45082828,Rehov,רחוב
34.80784789,31.89178381,Rehovot,רחובות
35.25699164,32.10242384,Rehelim,רחלים
35.4874123,33.04947036,Reihaniyye,ריחאנייה
35.13551406,32.46880523,Rehan,ריחן
35.31185911,32.72099104,Reine,ריינה
35.34096722,31.93363298,Rimmonim,רימונים
34.92831457,32.04432841,Rinnatya,רינתיה
35.10115048,32.75192287,Rekhasim,רכסים
35.25968504,32.52688411,Ram-On,רם-און
35.66656371,32.85056959,Ramot,רמות
34.88469084,32.16659882,Ramot HaShavim,רמות השבים
34.85622094,31.87388915,Ramot Me'ir,רמות מאיר
35.05807988,32.59741641,Ramot Menashe,רמות מנשה
35.55335493,33.1015991,Ramot Naftali,רמות נפתלי
34.86680317,31.92793663,Ramla,רמלה
34.82413571,32.06894819,Ramat Gan,רמת גן
35.20220362,32.67829585,Ramat Dawid,רמת דוד
34.9383998,32.21758356,Ramat HaKovesh,רמת הכובש
35.09417491,32.61070864,Ramat HaShofet,רמת השופט
34.8413312,32.13942833,Ramat HaSharon,רמת השרון
35.12224015,32.79350687,Ramat Yohanan,רמת יוחנן
35.1656226,32.70290659,Ramat Yishay,רמת ישי
35.80795809,32.84482809,Ramat Magshimim,רמת מגשימים
35.41449172,32.59119456,Ramat Zevi,רמת צבי
35.07322186,31.77383392,Ramat Razi'el,רמת רזיאל
35.21858429,31.73926992,Ramat Rahel,רמת רחל
34.60150875,31.33769144,Rannen,רנן
34.45938503,31.38555564,Re'im,רעים
34.87009664,32.18567881,Ra'annana,רעננה
35.26426742,32.85528562,Raqqefet,רקפת
34.82433168,32.200519,Rishpon,רשפון
35.47700444,32.4815143,Reshafim,רשפים
34.68952676,31.05370313,Retamim,רתמים
35.64675213,33.22635926,She'ar Yashuv,שאר ישוב
34.63541228,31.46564204,Shave Darom,שבי דרום
35.08344628,32.98111568,Shave Ziyyon,שבי ציון
35.18512701,32.26367244,Shave Shomeron,שבי שומרון
35.40224496,32.68923113,Shibli-Umm Al-Ghanam,שבלי - אום אל-גנם
34.83931038,31.19798115,Segev-Shalom,שגב-שלום
35.42339753,32.74906926,Sede Ilan,שדה אילן
35.51367348,32.44040041,Sede Eliyyahu,שדה אליהו
35.56448249,33.04566516,Sede Eli'ezer,שדה אליעזר
34.79349206,30.87332612,Sede Boqer,שדה בוקר
34.68351573,31.57614455,Sede Dawid,שדה דוד
34.9031093,32.20749464,Sede Warburg,שדה ורבורג
34.67722793,31.64511025,Sede Yo'av,שדה יואב
35.14120364,32.69793723,Sede Ya'aqov,שדה יעקב
34.99344388,32.40516426,Sede Yizhaq,שדה יצחק
34.80177056,31.61129347,Sede Moshe,שדה משה
35.48150636,32.52722243,Sede Nahum,שדה נחום
35.62371619,33.18739851,Sede Nehemya,שדה נחמיה
34.41935962,31.23019514,Sede Nizzan,שדה ניצן
34.67775855,31.75648928,Sede Uzziyyahu,שדה עוזיהו
34.71231012,31.44882511,Sede Zevi,שדה צבי
34.89258834,32.49206323,Sedot Yam,שדות ים
34.92051999,31.72118794,Sedot Mikha,שדות מיכה
34.33619412,31.21180338,Sede Avraham,שדי אברהם
34.94323288,32.15960916,Sede Hemed,שדי חמד
35.48591987,32.44055565,Sede Terumot,שדי תרומות
34.7413434,31.8320389,Shedema,שדמה
35.43606547,32.69629677,Shadmot Devora,שדמות דבורה
35.53364505,32.34701881,Shadmot Mehola,שדמות מחולה
34.5941835,31.52786085,Sederot,שדרות
35.07804473,31.79827869,Sho'eva,שואבה
34.54418017,31.45176637,Shuva,שובה
34.74404123,31.41386002,Shoval,שובל
34.94485647,31.99792045,Shoham,שוהם
35.28380698,33.08312726,Shomera,שומרה
34.88373914,31.4322333,Shomeriyya,שומרייה
34.52472227,31.42199331,Shoqeda,שוקדה
35.06537484,31.79718327,Shoresh,שורש
35.258842,32.89288839,Shorashim,שורשים
34.85704837,32.35418366,Shoshannat HaAmaqim,שושנת העמקים
35.3527457,32.93320757,Shezor,שזור
34.72521939,31.61968694,Shahar,שחר
34.99953677,29.90412902,Shaharut,שחרות
34.60755177,31.39571048,Shibbolim,שיבולים
35.01600104,30.17730438,Shittim,שיטים
35.14794826,32.99342426,Sheikh Dannun,שייח' דנון
35.30143668,32.0534299,Shilo,שילה
35.01993891,31.91842159,Shilat,שילת
35.24695779,32.84871036,Shekhanya,שכניה
34.76711089,31.56374175,Shalwa,שלווה
34.73576345,30.83191042,Shalva Bamidbar,שלווה במדבר
35.48048407,32.47131707,Sheluhot,שלוחות
35.14853816,33.07583649,Shelomi,שלומי
34.3057575,31.16803379,Shlomit,שלומית
35.65996026,33.16671401,Shamir,שמיר
35.01278427,31.3877575,Shim'a,שמעה
35.09482296,32.95146118,Shamerat,שמרת
35.24668943,32.73284225,Shimshit,שמשית
35.06991742,31.35590296,Shani,שני
35.67773102,33.24175317,Senir,שניר
35.23842761,32.8897397,Sha'ab,שעב
35.71820168,33.11653692,Sha'al,שעל
34.98294238,31.8701149,Sha'alvim,שעלבים
34.99711012,32.28920409,Sha'ar Efrayim,שער אפרים
35.60408892,32.68712756,Sha'ar HaGolan,שער הגולן
35.11249104,32.72307714,Sha'ar HaAmaqim,שער העמקים
35.01472105,32.44739992,Sha'ar Menashe,שער מנשה
35.02652245,32.12287054,Sha'are Tiqwa,שערי תקווה
34.82404974,32.21729113,Shefayim,שפיים
34.72872425,31.69716861,Shafir,שפיר
35.43617327,32.94363036,Shefer,שפר
35.17187718,32.80624357,Shefar'am,שפרעם
35.16870017,32.47332776,Shaqed,שקד
34.93598941,31.51496581,Sheqef,שקף
35.46643853,32.72617365,Sharona,שרונה
34.93499497,31.67766002,Sarigim (Li-On),שריגים (לי-און)
35.22586945,32.66314523,Sarid,שריד
34.60297451,31.40452745,Sharsheret,שרשרת
35.31422741,33.08526818,Shetula,שתולה
34.68357254,31.7737381,Shetulim,שתולים
34.64323099,31.37188166,Te'ashur,תאשור
34.62931236,31.37903503,Tidhar,תדהר
35.24539257,32.92959191,Tuval,תובל
35.43889669,32.01871122,Tomer,תומר
34.5409403,31.43380256,Tushiyya,תושייה
34.75859289,31.71549372,Timmorim,תימורים
34.88602315,31.75077705,Tirosh,תירוש
34.78947107,32.07641445,Tel Aviv - Yafo,תל אביב יפו
35.39961035,32.55623154,Tel Yosef,תל יוסף
34.86794018,32.25294539,Tel Yizhaq,תל יצחק
34.91739154,32.25288709,Tel Mond,תל מונד
35.30240141,32.65616566,Tel Adashim,תל עדשים
35.61760405,32.70448664,Tel Qazir,תל קציר
34.86063653,31.24854708,Tel Sheva,תל שבע
35.49560291,32.44251748,Tel Te'omim,תל תאומים
35.03159636,31.56320067,Telem,תלם
34.42902529,31.22899116,Talme Eliyyahu,תלמי אליהו
34.97761005,32.44589574,Talme El'azar,תלמי אלעזר
34.64557223,31.4379994,Talme Bilu,"תלמי ביל""ו"
34.36209977,31.20142366,Talme Yosef,תלמי יוסף
34.76284462,31.7532955,Talme Yehi'el,תלמי יחיאל
34.61351317,31.61822682,Talme Yafe,תלמי יפה
34.67199542,31.56428277,Telamim,תלמים
35.22523917,32.70354211,Timrat,תמרת
34.96267104,32.30537461,Tenuvot,תנובות
34.9746595,31.80101989,Ta'oz,תעוז
34.6781776,31.3254023,Tifrah,תפרח
34.57932324,31.45095067,Tequma,תקומה
35.230168,31.65025505,Teqoa,תקוע
34.82212306,31.16690525,Tarabin as-Sani',תראבין א-צאנע (שבט)
34.74007235,31.34422012,Tarabin As-Sani,תרבין א-צאנע (יישוב)*
34.98177786,31.78299579,Tarum,תרום
